[
    {
        "domain": ".facebook.com",
        "expirationDate": 1713335827.797458,
        "hostOnly": false,
        "httpOnly": true,
        "key": "datr",
        "path": "/",
        "sameSite": "no_restriction",
        "secure": true,
        "session": false,
        "storeId": null,
        "value": "EhYQZDJV6SPlW6TmFtFa9mm6"
    },
    {
        "domain": ".facebook.com",
        "expirationDate": 1687657302.12708,
        "hostOnly": false,
        "httpOnly": true,
        "key": "fr",
        "path": "/",
        "sameSite": "no_restriction",
        "secure": true,
        "session": false,
        "storeId": null,
        "value": "0JwMbAkxNgKVwPQQJ.AWVisbkoBVWlv8-KVrFSheVXY0Y.BkIPRX.6W.AAA.0.0.BkIPRX.AWVv5p6hrKM"
    },
    {
        "domain": ".facebook.com",
        "expirationDate": 1711417303.127065,
        "hostOnly": false,
        "httpOnly": true,
        "key": "xs",
        "path": "/",
        "sameSite": "no_restriction",
        "secure": true,
        "session": false,
        "storeId": null,
        "value": "31%3AcVIQmzvqI_5nGQ%3A2%3A1678777120%3A-1%3A8099%3A%3AAcUHKCk7-VbUj1QT8_J-m8akBBPZ1MMfMkUXh4SxAA"
    },
    {
        "domain": ".facebook.com",
        "expirationDate": 1711417303.12703,
        "hostOnly": false,
        "httpOnly": false,
        "key": "c_user",
        "path": "/",
        "sameSite": "no_restriction",
        "secure": true,
        "session": false,
        "storeId": null,
        "value": "100009494351830"
    },
    {
        "domain": ".facebook.com",
        "hostOnly": false,
        "httpOnly": false,
        "key": "presence",
        "path": "/",
        "sameSite": null,
        "secure": true,
        "session": true,
        "storeId": null,
        "value": "C%7B%22t3%22%3A%5B%5D%2C%22utc3%22%3A1679881310805%2C%22v%22%3A1%7D"
    },
    {
        "domain": ".facebook.com",
        "expirationDate": 1713337123.118726,
        "hostOnly": false,
        "httpOnly": true,
        "key": "sb",
        "path": "/",
        "sameSite": "no_restriction",
        "secure": true,
        "session": false,
        "storeId": null,
        "value": "EhYQZEAh_ZsjcpcNwpDV3Pdq"
    },
    {
        "domain": ".facebook.com",
        "expirationDate": 1680486104,
        "hostOnly": false,
        "httpOnly": false,
        "key": "wd",
        "path": "/",
        "sameSite": "lax",
        "secure": true,
        "session": false,
        "storeId": null,
        "value": "1006x543"
    }
]
